location,total_comments,avg_sentiment,dominant_sense,avg_sensory_score,coordinates_lat,coordinates_lng,avg_visual,avg_auditory,avg_olfactory,avg_gustatory,avg_tactile
Sidi Bou Said,2056,neutral,visual,3.0119163424124515,36.8686,10.3417,0.8852140077821011,0.5121595330739299,0.1517509727626459,0.39153696498054474,0.6648832684824902
Hammamet,2010,neutral,visual,2.858955223880597,36.4,10.6,0.7776119402985074,0.36965174129353234,0.2044776119402985,0.43482587064676614,0.6646766169154229
Tunis Medina,1939,neutral,visual,2.7738525012893245,36.8008,10.1658,0.7122227952552862,0.407426508509541,0.2294997421351212,0.45435791645177925,0.5456420835482207
Djerba,1958,neutral,visual,2.996935648621042,33.8,10.9,0.8146067415730337,0.48314606741573035,0.1767109295199183,0.43871297242083757,0.6399387129724209
Tozeur,2037,neutral,visual,2.820078546882671,33.9197,8.1339,0.7511045655375552,0.3549337260677467,0.23809523809523808,0.40304369170348553,0.6219931271477663
